<?xml version="1.0" encoding="UTF-8"?>
<!--
~  Copyright (c) 2016, WSO2 Inc. (http://wso2.com) All Rights Reserved.
~
~  WSO2 Inc. licenses this file to you under the Apache License,
~  Version 2.0 (the "License"); you may not use this file except
~  in compliance with the License.
~  You may obtain a copy of the License at
~
~   http://www.apache.org/licenses/LICENSE-2.0
~
~  Unless required by applicable law or agreed to in writing,
~  software distributed under the License is distributed on an
~  "AS IS" BASIS, WITHOUT WARRANTIES OR CONDITIONS OF ANY
~  KIND, either express or implied.  See the License for the
~  specific language governing permissions and limitations
~  under the License.
-->
<component name="Company" type="synapse/template">
    <subComponents>
        <component name="getCompany">
            <file>getCompany.xml</file>
            <description>Retrieves all the company existing</description>
        </component>

        <component name="getAllCompany">
            <file>getAllCompany.xml</file>
            <description>Retrieves all the company existing</description>
        </component>

        <component name="addCompany">
            <file>addCompany.xml</file>
            <description>add new companies to the list</description>
        </component>

    </subComponents>
</component>
