<?xml version="1.0" encoding="UTF-8"?>
<!--
~  Copyright (c) 2016, WSO2 Inc. (http://wso2.com) All Rights Reserved.
~
~  WSO2 Inc. licenses this file to you under the Apache License,
~  Version 2.0 (the "License"); you may not use this file except
~  in compliance with the License.
~  You may obtain a copy of the License at
~
~   http://www.apache.org/licenses/LICENSE-2.0
~
~  Unless required by applicable law or agreed to in writing,
~  software distributed under the License is distributed on an
~  "AS IS" BASIS, WITHOUT WARRANTIES OR CONDITIONS OF ANY
~  KIND, either express or implied.  See the License for the
~  specific language governing permissions and limitations
~  under the License.
-->
<component name="Contacts" type="synapse/template">
    <subComponents>
        <component name="getContacts">
            <file>getContacts.xml</file>
            <description>Retrieves the contacts existing in the current system</description>
        </component>

        <component name="createContacts">
            <file>createContacts.xml</file>
            <description>This method allows to add contacts one by one or in packages, and also to update data for the already existing contacts.

            </description>
        </component>

        <component name="getAllContacts">
            <file>getAllContacts.xml</file>
            <description>getAll

            </description>
        </component>

    </subComponents>
</component>