<?xml version="1.0" encoding="UTF-8"?>
<template name="createLeads" xmlns="http://ws.apache.org/ns/synapse">
    <!--
 ~  Copyright (c) 2016, WSO2 Inc. (http://www.wso2.org) All Rights Reserved.
 ~
 ~  WSO2 Inc. licenses this file to you under the Apache License,
 ~  Version 2.0 (the "License"); you may not use this file except
 ~  in compliance with the License.
 ~  You may obtain a copy of the License at
 ~
 ~    http://www.apache.org/licenses/LICENSE-2.0
 ~
 ~  Unless required by applicable law or agreed to in writing,
 ~  software distributed under the License is distributed on an
 ~  "AS IS" BASIS, WITHOUT WARRANTIES OR CONDITIONS OF ANY
 ~  KIND, either express or implied.  See the License for the
 ~  specific language governing permissions and limitations
 ~  under the License.
-->
    <parameter name="request" description=""/>


    <sequence>
        <property name="request" expression="$func:request"/>
        <!--<log>-->
        <!--<property expression="get-property('request')" name="ffffffffffffffffffffffffffffffffffffffffffffffff"/>-->
        <!--</log>-->
        <payloadFactory media-type="json">
            <format>
                {}
            </format>
        </payloadFactory>

        <script language="js"><![CDATA[
            var request = mc.getProperty('request');

            var payload = mc.getPayloadJSON();

            if (request != "null" && request != null && request != "") {
                payload.request = eval( "(" + request + ")" );
            }
            mc.setPayloadJSON(payload);
            ]]>
        </script>


        <call>
            <endpoint>
                <http method="post"
                      uri-template="{uri.var.amoCRMapiUrl}/private/api/{uri.var.amoCRMapiVersion}/json/leads/set{+uri.var.auth}"/>
            </endpoint>
        </call>


    </sequence>
</template>