<?xml version="1.0" encoding="UTF-8"?>
<!--
~  Copyright (c) 2016, WSO2 Inc. (http://wso2.com) All Rights Reserved.
~
~  WSO2 Inc. licenses this file to you under the Apache License,
~  Version 2.0 (the "License"); you may not use this file except
~  in compliance with the License.
~  You may obtain a copy of the License at
~
~   http://www.apache.org/licenses/LICENSE-2.0
~
~  Unless required by applicable law or agreed to in writing,
~  software distributed under the License is distributed on an
~  "AS IS" BASIS, WITHOUT WARRANTIES OR CONDITIONS OF ANY
~  KIND, either express or implied.  See the License for the
~  specific language governing permissions and limitations
~  under the License.
-->
<template name="getLeads" xmlns="http://ws.apache.org/ns/synapse">
    <!-- Optional parameters -->

    <parameter name="amoCRMid" description=""/>
    <sequence>
        <property name="uri.var.amoCRMid" expression="$func:amoCRMid"/>

        <call>
            <endpoint>
                <http method="get"
                      uri-template="{uri.var.amoCRMapiUrl}/private/api/{uri.var.amoCRMapiVersion}/json/leads/list{+uri.var.auth}&amp;id={uri.var.amoCRMid}"/>
            </endpoint>
        </call>

    </sequence>
</template>


